,name,company,year,Price,kms_driven,fuel_type
0,Hyundai Santro Xing XO eRLX Euro III,Hyundai,2007,80000,"45,000 kms",Petrol
1,Mahindra Jeep CL550 MDI,Mahindra,2006,425000,40 kms,Diesel
3,Hyundai Grand i10 Magna 1.2 Kappa VTVT,Hyundai,2014,325000,"28,000 kms",Petrol
4,Ford EcoSport Titanium 1.5L TDCi,Ford,2014,575000,"36,000 kms",Diesel
6,Ford Figo,Ford,2012,175000,"41,000 kms",Diesel
7,Hyundai Eon,Hyundai,2013,190000,"25,000 kms",Petrol
8,Ford EcoSport Ambiente 1.5L TDCi,Ford,2016,830000,"24,530 kms",Diesel
9,Maruti Suzuki Alto K10 VXi AMT,Maruti,2015,250000,"60,000 kms",Petrol
10,Skoda Fabia Classic 1.2 MPI,Skoda,2010,182000,"60,000 kms",Petrol
11,Maruti Suzuki Stingray VXi,Maruti,2015,315000,"30,000 kms",Petrol
12,Hyundai Elite i20 Magna 1.2,Hyundai,2014,415000,"32,000 kms",Petrol
13,Mahindra Scorpio SLE BS IV,Mahindra,2015,320000,"48,660 kms",Diesel
14,Hyundai Santro Xing XO eRLX Euro III,Hyundai,2007,80000,"45,000 kms",Petrol
15,Mahindra Jeep CL550 MDI,Mahindra,2006,425000,40 kms,Diesel
16,Audi A8,Audi,2017,1000000,"4,000 kms",Petrol
17,Audi Q7,Audi,2014,500000,"16,934 kms",Diesel
18,Mahindra Scorpio S10,Mahindra,2016,350000,"43,000 kms",Diesel
19,Maruti Suzuki Alto 800,Maruti,2014,160000,"35,550 kms",Petrol
20,Mahindra Scorpio S10,Mahindra,2016,350000,"43,000 kms",Diesel
21,Mahindra Scorpio S10,Mahindra,2016,310000,"39,522 kms",Diesel
22,Maruti Suzuki Alto 800 Vxi,Maruti,2015,75000,"39,000 kms",Petrol
23,Hyundai i20 Sportz 1.2,Hyundai,2012,100000,"55,000 kms",Petrol
24,Hyundai i20 Sportz 1.2,Hyundai,2012,100000,"55,000 kms",Petrol
25,Hyundai i20 Sportz 1.2,Hyundai,2012,100000,"55,000 kms",Petrol
26,Maruti Suzuki Alto 800 Lx,Maruti,2017,190000,"72,000 kms",Petrol
27,Maruti Suzuki Vitara Brezza ZDi,Maruti,2016,290000,"15,975 kms",Diesel
28,Maruti Suzuki Alto LX,Maruti,2008,95000,"70,000 kms",Petrol
29,Mahindra Bolero DI,Mahindra,2017,180000,"23,452 kms",Diesel
30,Maruti Suzuki Swift Dzire ZDi,Maruti,2014,385000,"35,522 kms",Diesel
31,Mahindra Scorpio S10 4WD,Mahindra,2015,250000,"48,508 kms",Diesel
32,Maruti Suzuki Swift Vdi BSIII,Maruti,2017,180000,"15,487 kms",Petrol
33,Maruti Suzuki Wagon R VXi BS III,Maruti,2013,105000,"39,000 kms",Petrol
34,Maruti Suzuki Wagon R VXi Minor,Maruti,2013,105000,"39,000 kms",Petrol
35,Toyota Innova 2.0 G 8 STR BS IV,Toyota,2012,650000,"82,000 kms",Diesel
36,Renault Lodgy 85 PS RXL,Renault,2018,689999,"20,000 kms",Diesel
37,Skoda Yeti Ambition 2.0 TDI CR 4x2,Skoda,2012,448000,"68,000 kms",Diesel
38,Maruti Suzuki Baleno Delta 1.2,Maruti,2017,549000,"32,000 kms",Diesel
39,Renault Duster 110 PS RxZ Diesel Plus,Renault,2012,501000,"38,000 kms",Diesel
40,Renault Duster 85 PS RxE Diesel,Renault,2013,489999,"27,000 kms",Diesel
41,Honda City 1.5 S MT,Honda,2011,280000,"33,000 kms",Petrol
42,Maruti Suzuki Alto K10 VXi AMT,Maruti,2015,250000,"60,000 kms",Petrol
43,Maruti Suzuki Dzire,Maruti,2013,349999,"46,000 kms",Diesel
44,Honda Amaze,Honda,2013,284999,"46,000 kms",Diesel
45,Honda Amaze 1.5 SX i DTEC,Honda,2015,345000,"36,000 kms",Diesel
46,Honda City,Honda,2015,499999,"55,000 kms",Petrol
47,Datsun Redi GO S,Datsun,2017,235000,"16,000 kms",Petrol
48,Maruti Suzuki SX4 ZXI MT,Maruti,2010,249999,"36,000 kms",Petrol
49,Mitsubishi Pajero Sport Limited Edition,Mitsubishi,2015,1475000,"47,000 kms",Diesel
50,Mahindra Bolero DI,Mahindra,2017,180000,"23,452 kms",Diesel
51,Maruti Suzuki Swift Dzire ZDi,Maruti,2014,385000,"35,522 kms",Diesel
52,Mahindra Scorpio S10 4WD,Mahindra,2015,250000,"48,508 kms",Diesel
53,Maruti Suzuki Swift Vdi BSIII,Maruti,2017,180000,"15,487 kms",Petrol
54,Maruti Suzuki Wagon R VXi BS III,Maruti,2013,105000,"39,000 kms",Petrol
55,Maruti Suzuki Wagon R VXi Minor,Maruti,2013,105000,"39,000 kms",Petrol
56,Mahindra Scorpio S10,Mahindra,2015,395000,"35,000 kms",Diesel
57,Maruti Suzuki Swift VXi 1.2 ABS BS IV,Maruti,2017,220000,"30,874 kms",Petrol
58,Honda City ZX CVT,Honda,2017,170000,"15,000 kms",Diesel
59,Maruti Suzuki Wagon R LX BS IV,Maruti,2013,85000,"29,685 kms",Petrol
60,Ford Figo,Ford,2012,175000,"41,000 kms",Diesel
61,Hyundai Eon,Hyundai,2013,190000,"25,000 kms",Petrol
62,Tata Indigo eCS LS CR4 BS IV,Tata,2017,200000,"1,30,000 kms",Diesel
63,Ford EcoSport Ambiente 1.5L TDCi,Ford,2016,830000,"24,530 kms",Diesel
64,Tata Indigo eCS LS CR4 BS IV,Tata,2017,200000,"1,30,000 kms",Diesel
65,Mahindra Scorpio SLE BS IV,Mahindra,2012,570000,"19,000 kms",Diesel
66,Volkswagen Polo Highline Exquisite P,Volkswagen,2014,315000,"60,000 kms",Petrol
67,Skoda Fabia Classic 1.2 MPI,Skoda,2010,182000,"60,000 kms",Petrol
68,Maruti Suzuki Stingray VXi,Maruti,2015,315000,"30,000 kms",Petrol
70,Chevrolet Spark LS 1.0,Chevrolet,2010,110000,"41,000 kms",Petrol
71,Renault Duster 110PS Diesel RxZ,Renault,2012,501000,"35,000 kms",Diesel
72,Honda City,Honda,2015,448999,"54,000 kms",Petrol
73,Mini Cooper S 1.6,Mini,2013,1891111,"13,000 kms",Petrol
74,Datsun Redi GO S,Datsun,2017,235000,"16,000 kms",Petrol
75,Skoda Fabia 1.2L Diesel Ambiente,Skoda,2011,159500,"38,200 kms",Diesel
76,Honda Amaze,Honda,2015,344999,"22,000 kms",Petrol
77,Honda Amaze,Honda,2015,344999,"22,000 kms",Petrol
78,Renault Duster,Renault,2014,449999,"50,000 kms",Diesel
79,Mini Cooper S 1.6,Mini,2013,1891111,"13,500 kms",Petrol
80,Mahindra Scorpio S4,Mahindra,2015,865000,"30,000 kms",Diesel
81,Mahindra Scorpio VLX 2WD BS IV,Mahindra,2014,699000,"50,000 kms",Diesel
82,Mahindra Quanto C8,Mahindra,2013,375000,"20,000 kms",Diesel
83,Ford EcoSport,Ford,2017,489999,"39,000 kms",Petrol
84,Honda Brio,Honda,2012,224999,"30,000 kms",Petrol
86,Volkswagen Vento Highline Plus 1.5 Diesel AT,Volkswagen,2019,1200000,"3,600 kms",Diesel
87,Hyundai i20 Magna,Hyundai,2009,195000,"32,000 kms",Petrol
88,Toyota Corolla Altis Diesel D4DG,Toyota,2010,351000,"38,000 kms",Diesel
89,Hyundai Verna Transform SX VTVT,Hyundai,2008,160000,"45,000 kms",Petrol
90,Toyota Corolla Altis Petrol Ltd,Toyota,2009,240000,"35,000 kms",Petrol
91,Honda City 1.5 EXi New,Honda,2005,90000,"50,000 kms",Petrol
92,Hyundai Elite i20 Magna 1.2,Hyundai,2014,415000,"32,000 kms",Petrol
93,Skoda Fabia 1.2L Diesel Elegance,Skoda,2011,155000,"45,863 kms",Diesel
94,BMW 3 Series 320i,BMW,2011,600000,"60,500 kms",Petrol
95,Maruti Suzuki A Star Lxi,Maruti,2011,189500,"12,500 kms",Petrol
96,Toyota Etios GD,Toyota,2013,350000,"60,000 kms",Diesel
97,Ford Figo Diesel EXI Option,Ford,2012,210000,"35,000 kms",Diesel
98,Maruti Suzuki Swift Dzire VXi 1.2 BS IV,Maruti,2014,390000,"35,000 kms",Petrol
99,Chevrolet Beat LT Diesel,Chevrolet,2012,135000,"45,000 kms",Diesel
100,BMW 7 Series 740Li Sedan,BMW,2009,1600000,"35,000 kms",Petrol
101,Mahindra XUV500 W8 AWD 2013,Mahindra,2013,701000,"38,000 kms",Diesel
102,Hyundai i10 Magna 1.2,Hyundai,2014,265000,"18,000 kms",Petrol
103,Hyundai Verna Fluidic New,Hyundai,2015,525000,"35,000 kms",Diesel
104,Maruti Suzuki Swift VXi 1.2 BS IV,Maruti,2013,372000,"13,349 kms",Petrol
105,Maruti Suzuki Ertiga ZXI Plus,Maruti,2016,635000,"29,000 kms",Petrol
106,Ford EcoSport Titanium 1.5L TDCi,Ford,2014,550000,"44,000 kms",Diesel
107,Maruti Suzuki Ertiga Vxi,Maruti,2016,575000,"29,000 kms",Petrol
108,Maruti Suzuki Ertiga VDi,Maruti,2013,485000,"42,000 kms",Diesel
109,Maruti Suzuki Alto LXi BS III,Maruti,2012,155000,"14,000 kms",Petrol
110,Hyundai Grand i10 Asta 1.1 CRDi,Hyundai,2014,345000,"49,000 kms",Diesel
111,Honda Amaze 1.2 S i VTEC,Honda,2014,325000,"42,000 kms",Petrol
112,Hyundai i20 Asta 1.4 CRDI 6 Speed,Hyundai,2012,329500,"36,200 kms",Diesel
113,Ford Figo Diesel EXI,Ford,2014,195000,"50,000 kms",Diesel
114,Maruti Suzuki Eeco 5 STR WITH AC HTR,Maruti,2015,251111,"55,000 kms",Petrol
115,Maruti Suzuki Ertiga ZXi,Maruti,2014,569999,"45,000 kms",Petrol
116,Maruti Suzuki Esteem LXi BS III,Maruti,2007,69999,"51,000 kms",Petrol
117,Maruti Suzuki Ritz VXI,Maruti,2014,299999,"19,000 kms",Petrol
118,Maruti Suzuki Dzire,Maruti,2009,220000,"46,000 kms",Petrol
119,Maruti Suzuki Ritz LDi,Maruti,2013,399999,"33,000 kms",Diesel
120,Maruti Suzuki Swift VXi 1.2 BS IV,Maruti,2013,372000,"13,349 kms",Petrol
121,Maruti Suzuki Dzire VDI,Maruti,2015,450000,"1,04,000 kms",Diesel
122,Toyota Etios Liva G,Toyota,2014,270000,"55,000 kms",Petrol
123,Hyundai i20 Sportz 1.4 CRDI,Hyundai,2011,350000,"33,333 kms",Diesel
124,Chevrolet Spark,Chevrolet,2012,158400,"33,600 kms",Petrol
125,Maruti Suzuki Alto K10 VXi AMT,Maruti,2017,350000,"5,600 kms",Petrol
126,Nissan Micra XV,Nissan,2011,179000,"41,000 kms",Petrol
127,Maruti Suzuki Swift,Maruti,2007,125000,"70,000 kms",Petrol
128,Maruti Suzuki Alto 800,Maruti,2018,200000,"7,500 kms",Petrol
129,Honda Amaze 1.5 S i DTEC,Honda,2013,299000,"45,000 kms",Diesel
130,Maruti Suzuki Alto 800 Vxi,Maruti,2015,220000,"38,000 kms",Petrol
131,Chevrolet Beat,Chevrolet,2015,150000,"30,000 kms",Petrol
132,Toyota Corolla,Toyota,2009,275000,"26,000 kms",
133,Honda City 1.5 V MT,Honda,2010,285000,"35,000 kms",Petrol
134,Ford EcoSport Trend 1.5L TDCi,Ford,2016,830000,"24,330 kms",Diesel
135,Hyundai i20 Asta 1.2,Hyundai,2009,210000,"65,480 kms",Petrol
136,Maruti Suzuki Swift Dzire VXi 1.2 BS IV,Maruti,2013,340000,"41,000 kms",Petrol
137,Tata Indica V2 eLS,Tata,2006,90000,"20,000 kms",Petrol
139,Hindustan Motors Ambassador,Hindustan,2000,70000,"2,00,000 kms",Diesel
140,Toyota Corolla Altis 1.8 GL,Toyota,2010,289999,"70,000 kms",Petrol
141,Toyota Corolla Altis 1.8 J,Toyota,2012,349999,"59,000 kms",Petrol
142,Toyota Innova 2.5 GX BS IV 7 STR,Toyota,2012,849999,"99,000 kms",Diesel
143,Volkswagen Jetta Highline TDI AT,Volkswagen,2014,749999,"46,000 kms",Diesel
144,Volkswagen Polo Comfortline 1.2L P,Volkswagen,2015,399999,"2,800 kms",Petrol
145,Volkswagen Polo,Volkswagen,2014,274999,"32,000 kms",Petrol
146,Mahindra Scorpio,Mahindra,2015,984999,"22,000 kms",Diesel
147,Renault Duster,Renault,2014,449999,"50,000 kms",Diesel
148,Honda Amaze,Honda,2015,344999,"22,000 kms",Petrol
149,Nissan Sunny,Nissan,2012,224999,"45,000 kms",Petrol
150,Hyundai Elite i20,Hyundai,2018,599999,"21,000 kms",Petrol
151,Renault Kwid,Renault,2016,244999,"11,000 kms",Petrol
152,Renault Duster,Renault,2013,399999,"41,000 kms",Diesel
153,Ford EcoSport,Ford,2017,489999,"39,000 kms",Petrol
154,Renault Duster,Renault,2014,474999,"50,000 kms",Diesel
155,Mahindra Scorpio VLX Airbag,Mahindra,2011,499999,"66,000 kms",Diesel
156,Maruti Suzuki Alto 800 Lxi,Maruti,2018,310000,"3,000 kms",Petrol
157,Chevrolet Spark LT 1.0,Chevrolet,2010,85000,"45,000 kms",Petrol
158,Datsun Redi GO T O,Datsun,2016,245000,"7,000 kms",Petrol
159,Maruti Suzuki Swift RS VDI,Maruti,2010,189500,"38,500 kms",Diesel
160,Fiat Punto Emotion 1.2,Fiat,2012,169500,"37,200 kms",Diesel
161,Maruti Suzuki Swift RS VDI,Maruti,2010,159500,"43,200 kms",Diesel
162,Toyota Etios GD,Toyota,2013,275000,"24,800 kms",Petrol
163,Hyundai i20 Sportz 1.4 CRDI,Hyundai,2014,370000,"60,000 kms",Diesel
164,Hyundai i10 Sportz 1.2,Hyundai,2010,168000,"45,872 kms",Petrol
165,Chevrolet Beat LT Opt Diesel,Chevrolet,2011,150000,"40,000 kms",Diesel
166,Chevrolet Beat LS Diesel,Chevrolet,2011,145000,"45,000 kms",Diesel
167,Chevrolet Beat LT Diesel,Chevrolet,2012,98500,"38,000 kms",Diesel
168,Mahindra Scorpio VLX 2WD BS IV,Mahindra,2014,699000,"50,000 kms",Diesel
169,Tata Indigo CS,Tata,2011,85000,"11,400 kms",Diesel
170,Toyota Corolla Altis 1.8 J,Toyota,2015,575000,"42,000 kms",Petrol
171,Honda City 1.5 V MT,Honda,2014,549000,"39,000 kms",Petrol
172,Maruti Suzuki Swift VDi,Maruti,2011,209000,"47,000 kms",Diesel
173,Hyundai Eon Era Plus,Hyundai,2013,185000,"27,000 kms",Petrol
174,Mahindra Scorpio S10,Mahindra,2015,900000,"97,200 kms",Diesel
175,Mahindra XUV500,Mahindra,2014,699999,"52,000 kms",Diesel
176,Honda Brio,Honda,2012,224999,"30,000 kms",Petrol
177,Ford Fiesta,Ford,2011,274999,"55,000 kms",Diesel
178,Honda Amaze,Honda,2013,284999,"46,000 kms",Diesel
179,Honda City,Honda,2015,599999,"30,000 kms",Diesel
180,Maruti Suzuki Wagon R,Maruti,2012,199999,"44,000 kms",Petrol
181,Honda City,Honda,2014,544999,"45,000 kms",Diesel
182,Hyundai i20,Hyundai,2009,199000,"31,000 kms",Petrol
183,Tata Indigo eCS LX TDI BS III,Tata,2016,320000,"1,75,430 kms",Diesel
184,Hyundai Fluidic Verna 1.6 CRDi SX,Hyundai,2015,540000,"38,000 kms",Diesel
186,Mahindra Quanto C8,Mahindra,2013,340000,"37,000 kms",Diesel
187,Fiat Petra ELX 1.2 PS,Fiat,2008,75000,"65,000 kms",Petrol
188,Skoda Fabia 1.2L Diesel Ambiente,Skoda,2011,159500,"38,200 kms",Diesel
189,Mini Cooper S 1.6,Mini,2013,1891111,"13,000 kms",Petrol
190,Hyundai Santro Xing XS,Hyundai,2005,49000,"7,500 kms",Petrol
191,Maruti Suzuki Ciaz VXi Plus,Maruti,2016,700000,"3,350 kms",Petrol
192,Maruti Suzuki Zen VX,Maruti,2000,55000,"60,000 kms",Petrol
193,Honda City,Honda,2015,448999,"54,000 kms",Petrol
194,Hyundai Creta 1.6 SX Plus Petrol,Hyundai,2017,895000,"32,000 kms",Petrol
195,"Tata indigo ecs LX, 201",Tata,150k,150000,,
196,Mahindra Scorpio SLX,Mahindra,2007,355000,"75,000 kms",Diesel
197,Mahindra Scorpio SLE BS IV,Mahindra,2012,565000,"62,000 kms",Diesel
198,Toyota Innova 2.5 G BS III 8 STR,Toyota,2006,365000,"73,000 kms",Diesel
199,Maruti Suzuki Alto K10 VXi AMT,Maruti,2011,145000,"41,000 kms",Petrol
200,Maruti Suzuki Wagon R LXI BS IV,Maruti,2011,210000,"35,000 kms",Petrol
201,Tata Nano Cx BSIV,Tata,2013,40000,"2,200 kms",Petrol
202,Maruti Suzuki Alto Std BS IV,Maruti,2013,125000,"39,000 kms",Petrol
203,Maruti Suzuki Wagon R LXi BS III,Maruti,2009,135000,"45,000 kms",Petrol
204,Maruti Suzuki Swift VXI BSIII,Maruti,2006,135000,"45,000 kms",Petrol
205,Tata Sumo Victa EX 10 by 7 Str BSIII,Tata,2012,285000,"65,000 kms",Diesel
206,MARUTI SUZUKI DESI,MARUTI,TOUR,400000,,
207,Maruti Suzuki Wagon R LXi BS III,Maruti,2010,145000,"54,870 kms",Petrol
208,Maruti Suzuki Alto LXi BS III,Maruti,2010,135000,"34,580 kms",Petrol
209,Volkswagen Passat Diesel Comfortline AT,Volkswagen,2009,450000,"97,000 kms",Diesel
210,Renault Scala RxL Diesel Travelogue,Renault,2015,375000,"25,000 kms",Diesel
211,Mahindra Quanto C8,Mahindra,2013,375000,"20,000 kms",Diesel
212,Hyundai Grand i10 Sportz O 1.2 Kappa VTVT,Hyundai,2014,365000,"20,000 kms",Petrol
213,Hyundai i20 Active 1.2 SX,Hyundai,2015,500000,"18,000 kms",Petrol
214,Mahindra Xylo E4,Mahindra,2012,400000,"35,000 kms",Diesel
215,Mahindra Jeep MM 550 XDB,Mahindra,2019,390000,60 kms,Diesel
216,Renault Duster 110PS Diesel RxZ,Renault,2012,501000,"35,000 kms",Diesel
217,Mahindra Bolero SLE BS IV,Mahindra,2013,330000,"80,200 kms",Diesel
218,Force Motors Force One LX ABS 7 STR,Force,2015,580000,"3,200 kms",Diesel
219,Maruti Suzuki SX4,Maruti,2012,265000,"46,000 kms",Diesel
220,Mahindra Jeep CL550 MDI,Mahindra,2019,379000,"0,000 kms",Diesel
221,Maruti Suzuki Alto 800,Maruti,2015,219000,"5,000 kms",Petrol
222,Mahindra Jeep CL550 MDI,Mahindra,2018,385000,588 kms,Diesel
223,Toyota Etios,Toyota,2011,275000,"36,000 kms",Diesel
224,Volkswagen Polo,Volkswagen,2015,330000,"38,000 kms",Diesel
225,Honda City ZX VTEC,Honda,2008,110000,"45,000 kms",Petrol
226,Maruti Suzuki Wagon R LX BS III,Maruti,2006,80000,"71,200 kms",Petrol
227,Honda City VX O MT Diesel,Honda,2016,519000,"52,000 kms",Diesel
228,Mahindra Thar CRDe 4x4 AC,Mahindra,2016,730000,"29,000 kms",Diesel
229,Mitsubishi Pajero Sport Limited Edition,Mitsubishi,2015,1475000,"47,000 kms",Diesel
230,Audi A4 1.8 TFSI Multitronic Premium Plus,Audi,2009,699000,"47,000 kms",Petrol
231,Mercedes Benz GLA Class 200 CDI Sport,Mercedes,2015,2000000,"20,000 kms",Diesel
232,Land Rover Freelander 2 SE,Land,2015,2100000,"30,000 kms",Diesel
233,Renault Kwid RXT,Renault,2017,340000,"5,000 kms",Petrol
234,Tata Aria Pleasure 4X2,Tata,2014,390000,"35,000 kms",Diesel
235,Mercedes Benz B Class B180 Sports,Mercedes,2014,1400000,"31,000 kms",Petrol
236,Datsun GO T O,Datsun,2016,245000,"7,000 kms",Petrol
237,Tata Indigo eCS LX TDI BS III,Tata,2016,320000,"1,75,430 kms",Diesel
238,Tata Indigo eCS LX TDI BS III,Tata,2016,320000,"1,75,400 kms",Diesel
239,Honda Jazz VX MT,Honda,2016,450000,"41,000 kms",Petrol
240,Honda Amaze 1.2 S i VTEC,Honda,2014,311000,"33,000 kms",Petrol
241,Honda Amaze,Honda,2013,284999,"46,000 kms",Diesel
242,Honda City,Honda,2012,399999,"45,000 kms",Petrol
243,Honda City,Honda,2015,599999,"39,000 kms",Diesel
244,Honda Amaze,Honda,2015,344999,"22,000 kms",Petrol
245,Audi A4 1.8 TFSI Multitronic Premium Plus,Audi,2009,699000,"47,000 kms",Petrol
246,Force Motors Force One LX ABS 7 STR,Force,2015,580000,"3,200 kms",Diesel
247,Mahindra Scorpio S4,Mahindra,2015,855000,"30,000 kms",Diesel
248,Hyundai i20 Active 1.4L SX O,Hyundai,2015,535000,"37,000 kms",Diesel
249,Mini Cooper S,Mini,2013,1891111,"13,000 kms",Petrol
250,Maruti Suzuki Ciaz ZXI Plus,Maruti,2017,699000,"14,000 kms",Petrol
251,Chevrolet Tavera Neo,Chevrolet,2013,375000,"55,000 kms",Diesel
252,Honda Amaze,Honda,2013,284999,"46,000 kms",Diesel
253,Hyundai Eon Sportz,Hyundai,2012,178000,"30,000 kms",Petrol
254,Tata Sumo Gold Select Variant,Tata,2013,300000,"50,000 kms",Diesel
255,Maruti Suzuki Wagon R 1.0,Maruti,2003,90000,"45,000 kms",Petrol
256,Maruti Suzuki Esteem VXi BS III,Maruti,2006,95000,"45,000 kms",Petrol
257,Maruti Suzuki Eeco 5 STR WITH AC HTR,Maruti,2015,255000,"9,300 kms",Petrol
258,Chevrolet Enjoy 1.4 LS 8 STR,Chevrolet,2013,245000,"55,000 kms",Diesel
259,Hyundai i20 Asta 1.4 CRDI 6 Speed,Hyundai,2012,329500,"36,200 kms",Diesel
260,Ford Figo Diesel EXI,Ford,2014,195000,"50,000 kms",Diesel
261,Maruti Suzuki Eeco 5 STR WITH AC HTR,Maruti,2015,251111,"55,000 kms",Petrol
262,Maruti Suzuki Ertiga ZXi,Maruti,2014,569999,"45,000 kms",Petrol
263,Maruti Suzuki Esteem LXi BS III,Maruti,2007,69999,"51,000 kms",Petrol
264,Maruti Suzuki Ritz VXI,Maruti,2014,299999,"19,000 kms",Petrol
265,Maruti Suzuki Dzire,Maruti,2009,220000,"46,000 kms",Petrol
266,Maruti Suzuki Ritz LDi,Maruti,2013,399999,"33,000 kms",Diesel
267,Maruti Suzuki SX4 ZXI MT,Maruti,2010,249999,"36,000 kms",Petrol
268,Maruti Suzuki Wagon R 1.0 VXi,Maruti,2015,289999,"22,000 kms",Petrol
269,Mini Cooper S 1.6,Mini,2013,1891111,"13,500 kms",Petrol
270,Nissan Terrano XL D Plus,Nissan,2015,499999,"60,000 kms",Diesel
271,Renault Duster 85 PS RxE Diesel,Renault,2013,489999,"27,000 kms",Diesel
272,Renault Duster 85 PS RxE Diesel,Renault,2014,489999,"59,000 kms",Diesel
273,Renault Duster 85 PS RxL Diesel,Renault,2015,549999,"19,000 kms",Diesel
274,Maruti Suzuki Dzire ZXI,Maruti,2013,380000,"30,000 kms",Petrol
275,Renault Kwid RXT Opt,Renault,2018,325000,"15,000 kms",Petrol
276,Maruti Suzuki Maruti 800 Std,Maruti,2003,57000,"56,758 kms",Petrol
277,Renault Kwid 1.0 RXT AMT,Renault,2018,349999,"10,000 kms",Petrol
278,Renault Lodgy 85 PS RXL,Renault,2018,689999,"20,000 kms",Diesel
279,Renault Scala RxL Diesel,Renault,2014,349999,"49,000 kms",Diesel
280,Hyundai Grand i10 Asta 1.2 Kappa VTVT O,Hyundai,2014,410000,"41,000 kms",Petrol
281,Maruti Suzuki Swift Dzire VXi 1.2 BS IV,Maruti,2011,225000,"45,000 kms",Petrol
282,Chevrolet Beat LS Petrol,Chevrolet,2010,120000,"43,000 kms",Petrol
283,Tata Indigo eCS LX TDI BS III,Tata,2016,320000,"1,75,430 kms",Diesel
284,Hyundai Santro Xing XO eRLX Euro III,Hyundai,2000,59000,"56,450 kms",Petrol
285,Hyundai Fluidic Verna 1.6 CRDi SX,Hyundai,2015,540000,"38,000 kms",Diesel
287,Chevrolet Beat LS Petrol,Chevrolet,2010,80000,"56,000 kms",Petrol
288,Mahindra Quanto C8,Mahindra,2013,340000,"37,000 kms",Diesel
289,Fiat Petra ELX 1.2 PS,Fiat,2008,75000,"65,000 kms",Petrol
290,Chevrolet Beat LS Petrol,Chevrolet,2015,220000,"32,700 kms",Petrol
291,Skoda Fabia 1.2L Diesel Ambiente,Skoda,2011,159500,"38,200 kms",Diesel
292,Ford EcoSport Titanium 1.5L TDCi,Ford,2016,599000,"30,000 kms",Diesel
293,Hyundai Accent GLX,Hyundai,2006,80000,"56,000 kms",Petrol
294,Yama,Yamaha,r 15,55000,,
296,Mahindra TUV300 T4 Plus,Mahindra,2016,675000,"9,000 kms",Diesel
297,Mini Cooper S 1.6,Mini,2013,1891111,"13,000 kms",Petrol
298,Mini Cooper S 1.6,Mini,2013,1891111,"13,000 kms",Petrol
299,Tata Indica V2 Xeta e GLE,Tata,2008,150000,"11,000 kms",Petrol
300,Mini Cooper S,Mini,2013,1891111,"13,000 kms",Petrol
301,Tata Indigo CS LS DiCOR,Tata,2009,72500,"46,000 kms",Diesel
302,Maruti Suzuki Swift VXi 1.2 ABS BS IV,Maruti,2019,610000,73 kms,Petrol
303,Mahindra Scorpio VLX Special Edition BS III,Mahindra,2004,230000,"1,60,000 kms",Diesel
305,Honda Accord,Honda,2009,175000,"58,559 kms",Petrol
306,Mahindra Scorpio S4,Mahindra,2015,855000,"30,000 kms",Diesel
307,Chevrolet Tavera Neo,Chevrolet,2013,375000,"55,000 kms",Diesel
308,Ford EcoSport Titanium 1.5 TDCi,Ford,2014,520000,"57,000 kms",Diesel
309,Maruti Suzuki Ertiga,Maruti,2015,524999,"50,000 kms",Diesel
310,Honda Amaze,Honda,2014,299999,"37,000 kms",Petrol
311,Maruti Suzuki Dzire,Maruti,2012,299999,"40,000 kms",Petrol
312,Honda City,Honda,2011,284999,"55,000 kms",Petrol
313,Mahindra Scorpio 2.6 CRDe,Mahindra,2007,220000,"1,70,000 kms",Diesel
314,Maruti Suzuki Dzire,Maruti,2014,424999,"55,000 kms",Diesel
315,Honda City,Honda,2015,644999,"39,000 kms",Petrol
316,Honda Mobilio,Honda,2014,399999,"44,000 kms",Petrol
317,Toyota Corolla Altis,Toyota,2009,199999,"65,000 kms",Petrol
318,Honda City,Honda,2014,584999,"39,000 kms",Petrol
319,Skoda Laura,Skoda,2012,349999,"44,000 kms",Diesel
320,Renault Duster,Renault,2015,449999,"49,000 kms",Diesel
321,Maruti Suzuki Ertiga,Maruti,2018,799999,"9,000 kms",Diesel
322,Maruti Suzuki Dzire,Maruti,2015,444999,"45,000 kms",Diesel
323,Mahindra XUV500,Mahindra,2014,649999,"47,000 kms",Diesel
324,Hyundai Verna Fluidic,Hyundai,2012,444999,"40,000 kms",Diesel
325,Maruti Suzuki Vitara Brezza,Maruti,2016,689999,"29,000 kms",Diesel
326,Maruti Suzuki Wagon R,Maruti,2016,344999,"15,000 kms",Petrol
327,Mahindra Scorpio,Mahindra,2015,944999,"45,000 kms",Diesel
328,Honda Amaze,Honda,2014,274999,"35,000 kms",Petrol
329,Mahindra XUV500,Mahindra,2013,689999,"80,000 kms",Diesel
330,Mahindra Scorpio,Mahindra,2013,574999,"68,000 kms",Diesel
331,Skoda Laura,Skoda,2013,374999,"50,000 kms",Diesel
332,Volkswagen Polo,Volkswagen,2010,199999,"60,000 kms",Diesel
333,Hyundai Elite i20,Hyundai,2016,549999,"9,000 kms",Petrol
334,Tata Manza Aura Quadrajet,Tata,2012,130000,"72,000 kms",Diesel
335,Chevrolet Sail UVA Petrol LT ABS,Chevrolet,2013,210000,"60,000 kms",Petrol
336,Renault Duster 110 PS RxZ Diesel Plus,Renault,2012,501000,"38,000 kms",Diesel
337,Hyundai Verna Fluidic 1.6 VTVT SX,Hyundai,2013,401000,"45,000 kms",Diesel
338,Audi A4 2.0 TDI 177bhp Premium,Audi,2012,1350000,"40,000 kms",Diesel
339,Hyundai Elantra SX,Hyundai,2013,600000,"20,000 kms",Petrol
340,Mahindra Scorpio VLX 4WD Airbag,Mahindra,2013,610000,"35,000 kms",Diesel
341,Mahindra KUV100 K8 D 6 STR,Mahindra,2016,400000,"20,000 kms",Diesel
342,Renault Scala RxL Diesel Travelogue,Renault,2015,375000,"25,000 kms",Diesel
343,Mahindra Quanto C8,Mahindra,2013,375000,"20,000 kms",Diesel
344,Hyundai Grand i10 Sportz O 1.2 Kappa VTVT,Hyundai,2014,365000,"20,000 kms",Petrol
345,Hyundai i20 Active 1.2 SX,Hyundai,2015,500000,"18,000 kms",Petrol
346,Mahindra Xylo E4,Mahindra,2012,400000,"35,000 kms",Diesel
347,Hyundai Grand i10,Hyundai,2017,524999,"6,821 kms",Petrol
348,Hyundai i20,Hyundai,2014,449999,"23,000 kms",Petrol
349,Hyundai Eon,Hyundai,2014,174999,"14,000 kms",Petrol
350,Hyundai i10,Hyundai,2012,244999,"38,000 kms",Petrol
351,Hyundai i20 Active,Hyundai,2015,574999,"35,000 kms",Diesel
352,Datsun Redi GO,Datsun,2017,244999,"22,000 kms",Petrol
353,Toyota Etios Liva,Toyota,2011,239999,"41,000 kms",Petrol
354,Hyundai Accent,Hyundai,2010,99999,"45,000 kms",Petrol
355,Hyundai Verna,Hyundai,2014,489999,"44,000 kms",Diesel
356,Maruti Suzuki Swift,Maruti,2013,324999,"45,000 kms",Diesel
357,Toyota Fortuner,Toyota,2011,1074999,"52,000 kms",Diesel
358,Hyundai i10 Sportz,Hyundai,2012,230000,"34,000 kms",Petrol
359,Mahindra Bolero Power Plus SLE,Mahindra,2018,699000,"1,800 kms",Diesel
361,Mahindra XUV500,Mahindra,2015,1000000,"15,000 kms",Diesel
362,Honda City 1.5 V MT Exclusive,Honda,2010,240000,"4,00,000 kms",Petrol
363,Chevrolet Spark LT 1.0 Airbag,Chevrolet,2009,110000,"44,000 kms",Petrol
364,Mahindra Jeep MM 550 XDB,Mahindra,2019,390000,60 kms,Diesel
365,Renault Duster 110PS Diesel RxZ,Renault,2012,501000,"35,000 kms",Diesel
366,Mahindra XUV500,Mahindra,2016,1130000,"72,000 kms",Diesel
367,Tata Indigo eCS VX CR4 BS IV,Tata,2014,250000,"40,000 kms",Diesel
369,Mahindra Bolero SLE BS IV,Mahindra,2013,330000,"80,200 kms",Diesel
370,Force Motors Force One LX ABS 7 STR,Force,2015,580000,"3,200 kms",Diesel
371,Skoda Rapid Elegance 1.6 TDI CR MT,Skoda,2013,340000,"48,000 kms",Diesel
372,Tata Vista Quadrajet VX,Tata,2011,120000,"90,000 kms",Diesel
373,Maruti Suzuki Alto K10 VXi AT,Maruti,2015,265000,"12,000 kms",Petrol
374,Maruti Suzuki SX4,Maruti,2012,265000,"46,000 kms",Diesel
375,Maruti Suzuki Zen LXi BS III,Maruti,2003,85000,"69,900 kms",Petrol
376,Mahindra Jeep CL550 MDI,Mahindra,2019,379000,"0,000 kms",Diesel
377,Hyundai i10 Magna 1.2,Hyundai,2011,175000,"45,000 kms",Petrol
378,Maruti Suzuki Alto 800,Maruti,2015,219000,"5,000 kms",Petrol
379,Maruti Suzuki Swift Dzire Tour LDi,Maruti,2016,350000,"1,66,000 kms",Diesel
380,Honda City ZX EXi,Honda,2008,149000,"42,000 kms",Petrol
381,Mahindra Jeep CL550 MDI,Mahindra,2018,385000,588 kms,Diesel
382,Mahindra Jeep MM 550 XDB,Mahindra,2006,425000,122 kms,Diesel
383,Chevrolet Beat Diesel,Chevrolet,2017,150000,"62,000 kms",Diesel
384,Honda City 1.5 S MT,Honda,2010,225000,"70,000 kms",Petrol
385,Maruti Suzuki Swift Dzire car,Maruti,sale,300000,,
386,Hyundai Verna 1.4 VTVT,Hyundai,2014,375000,"36,000 kms",Petrol
387,Toyota Innova 2.5 E MS 7 STR BS IV,Toyota,2012,770000,0 kms,Diesel
389,Maruti Suzuki Maruti 800 Std â€“ Befo,Maruti,1995,30000,"55,000 kms",Petrol
390,Toyota Etios,Toyota,2011,275000,"36,000 kms",Diesel
391,Volkswagen Polo,Volkswagen,2015,330000,"38,000 kms",Diesel
392,Maruti Suzuki Swift,Maruti,2014,335000,"55,000 kms",Diesel
393,Hyundai Elite i20 Asta 1.4 CRDI,Hyundai,2015,450000,"20,000 kms",Diesel
394,Maruti Suzuki Swift Dzire VXi 1.2 BS IV,Maruti,2012,225000,"40,000 kms",Petrol
395,Maruti Suzuki Swift Dzire Tour (Gat,Maruti,ara),300000,,
396,Maruti Suzuki Versa DX2 8 SEATER BSIII,Maruti,2004,80000,"50,000 kms",Petrol
397,Tata Indigo LX TDI BS III,Tata,2016,130000,"1,04,000 kms",Diesel
398,Volkswagen Vento Konekt Diesel Highline,Volkswagen,2011,245000,"65,000 kms",Diesel
399,Mercedes Benz C Class 200 CDI Classic,Mercedes,2002,399000,"41,000 kms",Petrol
400,Maruti Suzuki Ertiga VDi,Maruti,2013,450000,"90,000 kms",Diesel
401,URJE,URJENT,SELL,180000,,
402,Honda City,Honda,2000,65000,"80,000 kms",Petrol
403,Hyundai Santro Xing GLS,Hyundai,2006,75000,"46,000 kms",Petrol
404,Maruti Suzuki Omni Limited Edition,Maruti,2001,70000,"70,000 kms",Petrol
405,Hyundai Sonata Transform 2.4 GDi MT,Hyundai,2017,190000,"36,469 kms",Diesel
406,Hyundai Elite i20 Sportz 1.2,Hyundai,2018,600000,"7,800 kms",Petrol
407,Volkswagen Vento Konekt Diesel Highline,Volkswagen,2011,245000,"65,000 kms",Diesel
408,Maruti Suzuki Alto 800 Lxi,Maruti,2017,240000,"60,000 kms",Petrol
409,Maruti Suzuki Alto LXi BS III,Maruti,2011,155000,"32,000 kms",Petrol
410,Honda Jazz S MT,Honda,2009,169999,"24,695 kms",Petrol
411,Hyundai Grand i10 Sportz 1.2 Kappa VTVT,Hyundai,2017,450000,"15,141 kms",Petrol
412,Maruti Suzuki Zen LXi BSII,Maruti,2001,40000,"40,000 kms",Petrol
413,Mahindra Scorpio W Turbo 2.6DX 9 Seater,Mahindra,2012,165000,"65,000 kms",Diesel
414,Swift Dzire Tour 27 Dec 2016 Regis,Swift,tion,370000,,
415,Maruti Suzuki Alto K10 VXi,Maruti,2014,270000,"22,000 kms",Petrol
416,Hyundai Grand i10 Asta 1.2 Kappa VTVT,Hyundai,2016,280000,"59,910 kms",Diesel
417,Mahindra XUV500 W8,Mahindra,2012,560000,"1,00,000 kms",Diesel
418,Hyundai Creta 1.6 SX Plus Petrol,Hyundai,2016,950000,"25,000 kms",Petrol
419,Hyundai i20 Magna O 1.2,Hyundai,2013,310000,"35,000 kms",Petrol
420,Renault Duster 85 PS RxL Explore LE,Renault,2015,715000,"65,000 kms",Diesel
421,Hyundai Grand i10 Sportz 1.2 Kappa VTVT,Hyundai,2014,340000,"35,000 kms",Petrol
422,Honda Brio V MT,Honda,2012,235000,"33,000 kms",Petrol
423,Mahindra TUV300 T4 Plus,Mahindra,2017,610000,"68,000 kms",Diesel
424,Chevrolet Spark LS 1.0,Chevrolet,2010,95000,"23,000 kms",Petrol
425,Mahindra TUV300 T8,Mahindra,2018,1000000,"4,500 kms",Diesel
426,Maruti Suzuki Swift Dzire Tour LDi,Maruti,2015,220000,"1,29,000 kms",Diesel
427,Nissan X Trail Select Variant,Nissan,2019,1200000,300 kms,Diesel
428,Maruti Suzuki Alto 800 Vxi,Maruti,2015,230000,"5,000 kms",Petrol
429,Ford Ikon 1.3 CLXi NXt Finesse,Ford,2001,45000,"65,000 kms",Petrol
430,Toyota Fortuner 3.0 4x4 MT,Toyota,2010,940000,"1,31,000 kms",Diesel
431,Tata Manza ELAN Quadrajet,Tata,2010,155555,"1,11,111 kms",Petrol
432,Tata zest x,Tata,odel,320000,,
433,Mahindra xyl,Mahindra,2 bs,350000,,
434,Mercedes Benz A Class A 180 Sport Petrol,Mercedes,2013,1500000,"14,000 kms",Petrol
435,Chevrolet Beat LS Diesel,Chevrolet,2016,210000,"22,000 kms",Diesel
436,Ford EcoSport Trend 1.5L TDCi,Ford,2013,495000,"38,000 kms",Diesel
437,Tata Indigo LS,Tata,2016,125000,"70,000 kms",Diesel
438,Hyundai i20 Magna 1.2,Hyundai,2010,195000,"36,000 kms",Petrol
439,Volkswagen Vento Highline Plus 1.5 Diesel AT,Volkswagen,2015,550000,"34,000 kms",Diesel
440,Renault Kwid RXT,Renault,2015,270000,"43,000 kms",Petrol
441,Used Commercial Maruti Omn,Used,arry,150000,,
442,Ford EcoSport Titanium 1.5L TDCi,Ford,2014,500000,"40,000 kms",Diesel
443,Honda Amaze 1.5 E i DTEC,Honda,2016,240000,"1,60,000 kms",Diesel
444,Hyundai Verna 1.6 EX VTVT,Hyundai,2017,800000,"12,000 kms",Petrol
445,BMW 5 Series 520d Sedan,BMW,2011,1299000,"49,000 kms",Diesel
446,Skoda Superb 1.8 TFSI AT,Skoda,2011,530000,"68,000 kms",Petrol
447,Audi Q3 2.0 TDI quattro Premium,Audi,2013,1499000,"37,000 kms",Diesel
448,Mahindra Bolero DI BSII,Mahindra,2012,220000,"59,466 kms",Diesel
450,Mahindra Scorpio S10,Mahindra,2015,900000,"97,200 kms",Diesel
451,Ford Figo Duratorq Diesel Titanium 1.4,Ford,2012,250000,"99,000 kms",Diesel
452,Maruti Suzuki Wagon R VXI BS IV,Maruti,2018,395000,"25,500 kms",Petrol
453,Mahindra Logan Diesel 1.5 DLS,Mahindra,2009,130000,"66,000 kms",Petrol
454,Tata Nano GenX XMA,Tata,2010,32000,"44,005 kms",Petrol
455,Mahindra TUV300 T4 Plus,Mahindra,2016,540000,"35,000 kms",Diesel
456,Mahindra TUV300 T4 Plus,Mahindra,2016,540000,"35,000 kms",Diesel
457,Hyundai Elite i20 Magna 1.2,Hyundai,2015,405000,"28,000 kms",Petrol
458,Hyundai Elite i20 Magna 1.2,Hyundai,2015,400000,"30,000 kms",Petrol
459,Honda City SV,Honda,2017,760000,"4,000 kms",Petrol
460,Maruti Suzuki Baleno Delta 1.2,Maruti,2016,500000,"28,000 kms",Petrol
461,Ford Figo Petrol LXI,Ford,2011,175000,"75,000 kms",Petrol
462,Mahindra Scorpio S10,Mahindra,2015,900000,"97,200 kms",Diesel
463,Honda City,Honda,2017,750000,"3,000 kms",Petrol
464,Hyundai Elite i20 Magna 1.2,Hyundai,2015,419000,"20,000 kms",Petrol
465,Maruti Suzuki Versa DX2 8 SEATER BSIII,Maruti,2004,90000,"50,000 kms",Petrol
466,Hyundai Eon Era Plus,Hyundai,2018,140000,"2,110 kms",Petrol
467,Mitsubishi Pajero Sport Limited Edition,Mitsubishi,2015,1540000,"43,222 kms",Petrol
468,Hyundai i10 Magna 1.2 Kappa2,Hyundai,2008,275000,"1,00,200 kms",Petrol
469,Toyota Corolla H2,Toyota,2003,150000,"1,00,000 kms",Petrol
470,Maruti Suzuki Swift Dzire Tour VXi,Maruti,2011,230000,65 kms,Petrol
471,Tata Indigo CS eLS BS IV,Tata,2015,123000,"1,00,000 kms",Diesel
472,Mahindra Scorpio S10,Mahindra,2015,900000,"97,200 kms",Diesel
473,Mahindra Scorpio S10,Mahindra,2015,900000,"97,200 kms",Diesel
474,Hyundai Xcent Base 1.1 CRDi,Hyundai,2016,300000,"1,40,000 kms",Diesel
475,Honda City,Honda,2015,499999,"55,000 kms",Petrol
476,Hyundai Accent Executive Edition,Hyundai,2009,165000,"48,000 kms",Petrol
477,Maruti Suzuki Baleno Delta 1.2,Maruti,2016,498000,"22,000 kms",Petrol
478,Tata Zest XE 75 PS Diesel,Tata,2018,480000,"1,03,553 kms",Diesel
479,Maruti Suzuki Dzire LDI,Maruti,2017,488000,"80,000 kms",Diesel
480,Tata Sumo Gold LX BS IV,Tata,2014,250000,"99,000 kms",Diesel
481,Toyota Corolla Altis GL Petrol,Toyota,2010,220000,"58,000 kms",Petrol
482,Maruti Suzuki Eeco 7 STR,Maruti,2013,290000,"70,000 kms",LPG
483,Toyota Fortuner 3.0 4x2 MT,Toyota,2015,1525000,"1,20,000 kms",Diesel
484,Mahindra XUV500 W6,Mahindra,2013,548900,"49,800 kms",Diesel
485,Tata Tigor Revotron XZ,Tata,2019,650000,100 kms,Diesel
486,Maruti Suzuki 800,Maruti,2001,55000,"81,876 kms",Petrol
487,Maruti Suzuki Ertiga Vxi,Maruti,2015,550000,"75,000 kms",Petrol
488,Maruti Suzuki Versa DX2 8 SEATER BSIII,Maruti,2004,90000,"50,000 kms",Petrol
489,Honda Mobilio S i DTEC,Honda,2014,399000,"44,000 kms",Diesel
490,Maruti Suzuki Ertiga,Maruti,2016,730000,"55,000 kms",Diesel
491,Maruti Suzuki Vitara Brezza,Maruti,2017,725000,"36,000 kms",Diesel
492,Hyundai Verna 1.6 CRDI E,Hyundai,2016,195000,"56,000 kms",Diesel
493,Maruti Suzuki Swift VXI BSIII,Maruti,2007,130000,"62,000 kms",Petrol
494,Toyota Fortuner 3.0 4x2 MT,Toyota,2015,1525000,"1,20,000 kms",Diesel
495,Maruti Suzuki Omni Select Variant,Maruti,2014,190000,"6,020 kms",Petrol
496,Honda Amaze,Honda,2013,250000,"55,700 kms",Diesel
497,Tata Indica,Tata,2005,80000,"42,000 kms",Petrol
498,Hyundai Santro Xing,Hyundai,2003,120000,"50,000 kms",Petrol
499,Maruti Suzuki Zen Estilo,Maruti,2010,149000,"35,000 kms",Petrol
500,Maruti Suzuki Wagon R LXI BS IV,Maruti,2014,250000,"18,500 kms",Petrol
501,Maruti Suzuki Wagon R,Maruti,2007,120000,"7,000 kms",Petrol
502,Honda Brio VX AT,Honda,2017,450000,"11,000 kms",Petrol
504,Maruti Suzuki Zen LXi BSII,Maruti,2003,99999,"53,000 kms",Petrol
505,Maruti Suzuki Zen Estilo LXI Green CNG,Maruti,2008,135000,"23,000 kms",Petrol
506,Maruti Suzuki Wagon R Select Variant,Maruti,2016,225000,"35,500 kms",Diesel
507,Maruti Suzuki Alto LXi BS III,Maruti,2010,99000,"22,134 kms",Petrol
508,Renault Kwid RXT,Renault,2019,370000,"1,000 kms",Petrol
509,Tata Nano Lx BSIV,Tata,2010,52000,"9,000 kms",Petrol
510,Jaguar XE XE Portfolio,Jaguar,2016,2800000,"8,500 kms",Petrol
512,Hyundai Eon Magna Plus,Hyundai,2014,190000,"35,000 kms",Petrol
513,Honda City 1.5 S MT,Honda,2014,499000,"22,000 kms",Petrol
514,Hindustan Motors Ambassador,Hindustan,2002,90000,"25,000 kms",Diesel
515,Maruti Suzuki Ritz GENUS VXI,Maruti,2010,149000,"40,000 kms",Petrol
516,Hyundai Grand i10 Magna AT 1.2 Kappa VTVT,Hyundai,2017,400000,"20,000 kms",Petrol
517,Hyundai Eon D Lite Plus,Hyundai,2016,120000,"87,000 kms",Petrol
518,Maruti Suzuki Swift Dzire VXi 1.2 BS IV,Maruti,2015,250000,"55,000 kms",Petrol
519,Maruti Suzuki Wagon R VXI BS IV,Maruti,2017,375000,"23,000 kms",Petrol
520,Honda Amaze 1.2 VX i VTEC,Honda,2014,381000,"6,000 kms",Petrol
521,Maruti Suzuki Estilo VXi ABS BS IV,Maruti,2013,180000,"65,000 kms",Petrol
522,Maruti Suzuki Vitara Brezza LDi O,Maruti,2016,580000,"25,000 kms",Diesel
523,Maruti Suzuki Eeco 5 STR WITH AC HTR,Maruti,2015,278000,"39,000 kms",Petrol
525,Hyundai Creta 1.6 SX Plus Petrol AT,Hyundai,2016,1000000,"8,000 kms",Petrol
526,Mahindra Scorpio Vlx BSIV,Mahindra,2013,690000,"75,000 kms",Diesel
527,Maruti Suzuki Ertiga VDi,Maruti,2012,480000,"51,000 kms",Diesel
528,Mitsubishi Lancer 1.8 LXi,Mitsubishi,2006,85000,"50,000 kms",Petrol
529,Maruti Suzuki Maruti 800 AC,Maruti,2001,40000,"75,000 kms",Petrol
530,Maruti Suzuki Alto 800 LXI CNG O,Maruti,2015,90000,"55,800 kms",Petrol
531,Hyundai Grand i10 Magna 1.2 Kappa VTVT,Hyundai,2015,340000,"53,000 kms",Petrol
532,Hyundai Eon D Lite Plus,Hyundai,2018,260000,"25,000 kms",Petrol
533,Ford Fiesta SXi 1.6 ABS,Ford,2009,250000,"56,400 kms",Petrol
534,Maruti Suzuki Ritz VDi,Maruti,2010,180000,"72,160 kms",Diesel
535,Hyundai Verna Fluidic New,Hyundai,2012,350000,"10,000 kms",Diesel
536,Maruti Suzuki Wagon R LXi BS III,Maruti,2006,90001,"48,000 kms",Petrol
537,Maruti Suzuki Estilo LX BS IV,Maruti,2007,115000,"36,000 kms",Petrol
538,Audi A6 2.0 TDI Premium,Audi,2012,1599000,"11,500 kms",Diesel
539,Maruti Suzuki Wagon R LXi BS III,Maruti,2003,130000,"1,33,000 kms",Petrol
540,Maruti Suzuki Wagon R,Maruti,2009,159000,"27,000 kms",Petrol
541,Maruti Suzuki Wagon R,Maruti,2009,160000,"35,000 kms",Petrol
542,Maruti Suzuki Alto,Maruti,2010,110000,"55,000 kms",Petrol
543,Maruti Suzuki Baleno Sigma 1.2,Maruti,2016,425000,"40,000 kms",Petrol
544,Hyundai Verna 1.6 SX VTVT AT,Hyundai,2019,900000,"2,000 kms",Petrol
545,Maruti Suzuki Swift GLAM,Maruti,2009,150000,"45,000 kms",Petrol
546,Hyundai Getz Prime 1.3 GVS,Hyundai,2009,110000,"20,000 kms",Petrol
547,Hyundai Santro,Hyundai,2000,51999,"88,000 kms",Petrol
548,Hyundai Getz Prime 1.3 GLX,Hyundai,2009,115000,"20,000 kms",Petrol
549,Chevrolet Beat PS Diesel,Chevrolet,2012,215000,"65,422 kms",Diesel
550,Ford EcoSport Trend 1.5 Ti VCT,Ford,2017,580000,"10,000 kms",Petrol
551,Maruti Suzuki Dzire ZXI,Maruti,2013,380000,"35,000 kms",Petrol
552,Hyundai Fluidic Verna 1.6 CRDi SX,Hyundai,2013,350000,"1,17,000 kms",Diesel
553,Tata Indica V2 DLG,Tata,2005,35000,"1,50,000 kms",Diesel
554,BMW X1 xDrive20d xLine,BMW,2011,1150000,"72,000 kms",Diesel
555,Hyundai i20 Asta 1.2,Hyundai,2010,300000,"10,750 kms",Petrol
556,Honda City 1.5 V AT,Honda,2009,269000,"55,000 kms",Petrol
557,Tata Nano,Tata,2013,60000,"6,800 kms",Petrol
558,Chevrolet Cruze LTZ AT,Chevrolet,2014,400000,"41,000 kms",Diesel
559,Hyundai Verna Fluidic New,Hyundai,2015,430000,"73,000 kms",Diesel
561,Maruti Suzuki Swift Dzire VDi,Maruti,2011,140000,"65,000 kms",Diesel
563,Mahindra XUV500 W10,Mahindra,2018,1299000,"40,000 kms",Diesel
564,Maruti Suzuki Alto K10 LXi CNG,Maruti,2014,199000,"37,000 kms",Petrol
565,Hyundai Accent GLE,Hyundai,2006,90000,"55,000 kms",Petrol
566,Force Motors One SUV,Force,2013,550000,"1,40,000 kms",Diesel
568,Maruti Suzuki Alto,Maruti,2019,265000,"9,800 kms",Petrol
569,Chevrolet Spark 1.0 LT,Chevrolet,2011,100000,"27,000 kms",Petrol
570,Hyundai i10,Hyundai,2009,215000,"27,000 kms",Petrol
571,Toyota Etios Liva GD,Toyota,2012,380000,"20,000 kms",Diesel
572,Renault Duster 85PS Diesel RxL Optional with Nav,Renault,2013,401919,"57,923 kms",Diesel
573,Chevrolet Enjoy,Chevrolet,2014,490000,"30,201 kms",Diesel
574,Maruti Suzuki Alto 800 Lxi,Maruti,2017,280000,"6,200 kms",Petrol
575,BMW 5 Series 530i,BMW,2009,650000,"37,518 kms",Petrol
576,Toyota Etios Liva G,Toyota,2014,160000,"24,652 kms",Petrol
577,Mahindra Jeep MM 550 XDB,Mahindra,2004,424000,383 kms,Diesel
578,Chevrolet Beat LS Diesel,Chevrolet,2016,225000,"95,000 kms",Diesel
579,Chevrolet Cruze LTZ,Chevrolet,2011,350000,"35,000 kms",Diesel
580,Jeep Wrangler Unlimited 4x4 Diesel,Jeep,2015,950000,"3,528 kms",Diesel
581,Maruti Suzuki Ertiga VDi,Maruti,2013,485000,"52,500 kms",Diesel
582,Hyundai Verna VGT CRDi SX ABS,Hyundai,2010,205000,"47,900 kms",Diesel
583,Maruti Suzuki Omni,Maruti,2012,160000,"14,000 kms",Petrol
584,Maruti Suzuki Celerio VDi,Maruti,2018,310000,"37,000 kms",Petrol
585,Tata Zest Quadrajet 1.3,Tata,2017,180000,"90,000 kms",Diesel
586,Mahindra XUV500 W6,Mahindra,2013,549900,"52,800 kms",Diesel
587,Tata Indigo CS eLX BS IV,Tata,2016,150000,"1,04,000 kms",Diesel
588,Hyundai i10 Era,Hyundai,2011,175000,"30,000 kms",Petrol
589,Tata Indigo eCS LX TDI BS III,Tata,2014,95000,"1,95,000 kms",Diesel
590,Tata Indigo LX TDI BS III,Tata,2016,230000,"1,04,000 kms",Diesel
591,Tata Indigo eCS LX CR4 BS IV,Tata,2016,230000,"1,04,000 kms",Diesel
592,Tata Indigo Marina LS,Tata,2004,180000,"70,000 kms",Diesel
593,Commercial Chevrolet Sail Hatchback ca,Commercial,o...,225000,,
594,Hyundai Xcent SX 1.2,Hyundai,2015,400000,"43,000 kms",Diesel
595,Hyundai Eon Magna Plus,Hyundai,2013,185000,"23,000 kms",Petrol
596,Renault Duster 85 PS RxL Diesel,Renault,2015,385000,"51,000 kms",Diesel
597,Maruti Suzuki Alto K10 LXi CNG,Maruti,2009,90000,"62,000 kms",Petrol
598,Tata Nano LX Special Edition,Tata,2010,32000,"48,008 kms",Petrol
599,Commercial Car Ta,Commercial,Zest,371500,,
600,Renault Duster 110 PS RxZ Diesel,Renault,2013,435000,"39,000 kms",Diesel
601,Maruti Suzuki Wagon R AX BSIV,Maruti,2010,225000,"40,000 kms",Petrol
602,Maruti Suzuki Swift,Maruti,2006,189700,"48,247 kms",Petrol
603,Maruti Suzuki Ertiga,Maruti,2012,389700,"39,000 kms",Diesel
604,Maruti Suzuki Swift VXi 1.2 ABS BS IV,Maruti,2014,365000,"23,000 kms",Petrol
605,Maruti Suzuki Alto K10 New,Maruti,2017,360000,"9,400 kms",Petrol
606,Hyundai i20 Magna,Hyundai,2010,210000,"50,000 kms",Petrol
607,Hyundai i10 Magna 1.2,Hyundai,2009,170000,"75,000 kms",Petrol
608,tata Indica,tata,sale,130000,,
609,Tata Zest XE 75 PS Diesel,Tata,2017,380000,"70,000 kms",Diesel
610,Mahindra Xylo E8,Mahindra,2009,295000,"64,000 kms",Diesel
611,Toyota Corolla Altis GL Petrol,Toyota,2010,185000,"55,000 kms",Petrol
612,Tata Manza Aqua Quadrajet,Tata,2014,160000,"2,00,000 kms",Diesel
614,Used bt new conditions ta,Used,Zest,255000,,
615,Renault Kwid 1.0,Renault,2018,290000,"2,137 kms",Petrol
616,Sale tata,Sale,ture,100000,,
617,Tata Venture EX 8 STR,Tata,2013,100000,"30,000 kms",Diesel
618,Maruti Suzuki Swift Dzire Tour LXi,Maruti,2014,315000,"44,000 kms",Petrol
620,Skoda Octavia Classic 1.9 TDI MT,Skoda,2006,114990,"65,000 kms",Diesel
621,Maruti Suzuki Omni LPG BS IV,Maruti,2012,120000,"1,60,000 kms",LPG
622,Chevrolet Beat Diesel,Chevrolet,2011,125000,"56,000 kms",Diesel
623,Tata Sumo Gold EX BS IV,Tata,2012,210000,"75,000 kms",Diesel
624,Tata indigo 2017 top model..,Tata,emi,170000,,
625,Hyundai Verna 1.6 CRDI SX,Hyundai,2018,855000,"42,000 kms",Diesel
626,Tata Sumo Gold EX BS IV,Tata,2012,210000,"75,000 kms",Diesel
627,Mahindra Scorpio 2.6 CRDe,Mahindra,2007,260000,"56,000 kms",Diesel
628,Maruti Suzuki Zen LXi BS III,Maruti,2002,95000,"10,544 kms",Petrol
629,Maruti Suzuki Swift Dzire VXi 1.2 BS IV,Maruti,2011,255000,"64,000 kms",Petrol
630,Mahindra Scorpio SLX 2.6 Turbo 8 Str,Mahindra,2008,300000,"70,000 kms",Diesel
631,Hyundai Grand i10 Sportz 1.2 Kappa VTVT,Hyundai,2014,340000,"25,000 kms",Petrol
632,Hyundai Elite i20 Sportz 1.2,Hyundai,2017,550000,"15,000 kms",Petrol
633,Ford Ikon 1.6 Nxt,Ford,2003,60000,"50,000 kms",Petrol
635,Tata indigo,Tata,car,150000,,
636,Toyota Innova 2.5 V 7 STR,Toyota,2011,750000,"1,47,000 kms",Diesel
637,Nissan Sunny XL,Nissan,2011,230000,"52,000 kms",Petrol
638,Chevrolet Beat LT Diesel,Chevrolet,2012,130000,"90,001 kms",Diesel
639,Maruti Suzuki Alto 800 Lxi,Maruti,2017,270000,"21,000 kms",Petrol
640,Maruti Suzuki Swift VDi BS IV,Maruti,2012,280000,"48,006 kms",Diesel
641,Maruti Suzuki Swift VDi BS IV,Maruti,2012,280000,"48,006 kms",Diesel
642,Maruti Suzuki Swift,Maruti,2012,280000,"48,006 kms",Diesel
643,very good condition tata bolts are av,very,able,200000,,
644,Toyota Innova 2.0 G4,Toyota,2012,600000,"80,000 kms",Diesel
646,Maruti Suzuki Swift VDi ABS,Maruti,2010,190000,"74,000 kms",Diesel
647,Hyundai Elite i20 Asta 1.2,Hyundai,2015,500000,"22,000 kms",Petrol
648,Mahindra XUV500 W10,Mahindra,2016,1065000,"41,000 kms",Diesel
649,Volkswagen Polo Trendline 1.5L D,Volkswagen,2015,350000,"25,000 kms",Diesel
650,Toyota Etios Liva Diesel,Toyota,2012,350000,"85,000 kms",Diesel
651,Mahindra TUV300 T4 Plus,Mahindra,2016,540000,"29,500 kms",Diesel
652,Hyundai Elite i20 Asta 1.2,Hyundai,2015,470000,"30,000 kms",Petrol
653,Hyundai Santro Xing GLS,Hyundai,2014,179000,"57,000 kms",Petrol
654,Maruti Suzuki Zen LXi BS III,Maruti,2003,48000,"60,000 kms",Petrol
655,Maruti Suzuki Ciaz ZXi Plus RS,Maruti,2016,650000,"50,000 kms",Petrol
656,Hyundai Eon Era Plus,Hyundai,2013,190000,"39,700 kms",Petrol
657,Hyundai Elantra 1.8 S,Hyundai,2012,500000,"65,000 kms",Petrol
658,Maruti Suzuki Swift VDi,Maruti,2010,270000,"67,000 kms",Diesel
659,Maruti Suzuki Zen Estilo LXI Green CNG,Maruti,2008,125000,"46,000 kms",Petrol
660,Hyundai Eon Era Plus,Hyundai,2012,188000,"38,000 kms",Petrol
661,Hyundai Grand i10 Magna 1.2 Kappa VTVT,Hyundai,2016,380000,"27,000 kms",Petrol
662,Hyundai Verna Fluidic New,Hyundai,2011,365000,"43,000 kms",Diesel
663,Ford EcoSport Trend 1.5L Ti VCT,Ford,2014,465000,"47,000 kms",Petrol
664,Hyundai i20 Magna,Hyundai,2011,240000,"42,000 kms",Petrol
665,Chevrolet Beat Diesel,Chevrolet,2016,179999,"19,336 kms",Diesel
666,Tata Indica eV2 LS,Tata,2015,140000,"60,105 kms",Diesel
667,Jaguar XF 2.2 Diesel Luxury,Jaguar,2013,2190000,"29,000 kms",Diesel
668,Audi Q5 2.0 TDI quattro Premium Plus,Audi,2014,2390000,"34,000 kms",Diesel
669,BMW 3 Series 320d Sedan,BMW,2011,1075000,"35,000 kms",Diesel
670,Maruti Suzuki Swift ZXi 1.2 BS IV,Maruti,2015,475000,"22,000 kms",Petrol
671,BMW X1 sDrive20d,BMW,2012,1025000,"41,000 kms",Diesel
672,Maruti Suzuki S Cross Sigma 1.3,Maruti,2016,615000,"21,000 kms",Diesel
673,Maruti Suzuki Ertiga LDi,Maruti,2013,475000,"48,000 kms",Diesel
674,Maruti Suzuki Alto K10 VXi AMT,Maruti,2016,270000,"38,000 kms",Petrol
675,Honda City SV,Honda,2014,475000,"34,000 kms",Diesel
676,Volkswagen Vento Comfortline Petrol,Volkswagen,2011,240000,"45,933 kms",Petrol
677,Honda City 1.5 EXi New,Honda,2005,120000,"68,000 kms",Petrol
678,Audi A4 2.0 TDI 177bhp Premium,Audi,2016,1900000,"44,000 kms",Diesel
679,Mahindra KUV100,Mahindra,2017,360000,"35,000 kms",Diesel
680,Tata Zest XE 75 PS Diesel,Tata,2018,450000,"1,02,563 kms",Diesel
681,Mahindra XUV500 W8,Mahindra,2015,900000,"28,600 kms",Diesel
682,Maruti Suzuki Swift Dzire Tour VDi,Maruti,2017,650000,"41,800 kms",Diesel
683,Tata Sumo Gold LX BS IV,Tata,2014,275000,"1,16,000 kms",Diesel
684,Maruti Suzuki Swift Dzire VXi 1.2 BS IV,Maruti,2009,210000,"59,000 kms",Petrol
685,Mahindra Scorpio 2.6 SLX,Mahindra,2004,175000,"58,000 kms",Diesel
686,Maruti Suzuki Omni 8 STR BS III,Maruti,2009,85000,"45,000 kms",Petrol
687,Mitsubishi Pajero Sport Limited Edition,Mitsubishi,2015,1490000,"42,590 kms",Diesel
688,Renault Duster,Renault,2014,800000,"7,400 kms",Diesel
689,Volkswagen Jetta Comfortline 1.9 TDI AT,Volkswagen,2009,450000,"54,500 kms",Diesel
690,Maruti Suzuki Ertiga Vxi,Maruti,2012,1000000,"2,00,000 kms",Diesel
691,Audi A4 2.0 TDI 177bhp Premium,Audi,2013,1510000,"27,000 kms",Diesel
692,Volvo S80 Summum D4,Volvo,2015,1850000,"42,000 kms",Diesel
693,Toyota Corolla Altis VL AT Petrol,Toyota,2014,790000,"29,000 kms",Petrol
694,Mitsubishi Pajero Sport 2.5 AT,Mitsubishi,2015,1725000,"37,000 kms",Diesel
695,Chevrolet Beat LT Petrol,Chevrolet,2012,135000,"36,000 kms",Petrol
696,BMW X1,BMW,2011,1000000,"34,000 kms",Diesel
697,Datsun Redi GO S,Datsun,2018,299999,"7,000 kms",Petrol
698,Mercedes Benz C Class C 220 CDI Avantgarde,Mercedes,2009,1225000,"76,000 kms",Diesel
699,Mahindra Scorpio SLX,Mahindra,2004,175000,"60,000 kms",Diesel
700,Volkswagen Vento Comfortline Diesel,Volkswagen,2011,200000,"95,000 kms",Diesel
701,Tata Indigo CS GLS,Tata,2017,270000,"50,000 kms",Diesel
702,Ford Figo Petrol Titanium,Ford,2019,525000,00 kms,Petrol
703,Honda City ZX GXi,Honda,2006,180000,"50,000 kms",Petrol
704,Maruti Suzuki Wagon R Duo Lxi,Maruti,2008,140000,"68,000 kms",Petrol
705,Ford EcoSport Trend 1.5L TDCi,Ford,2014,400000,"16,000 kms",Petrol
706,Maruti Suzuki Swift Dzire VDi,Maruti,2016,499000,"51,000 kms",Diesel
707,Maruti Suzuki Omni 8 STR BS III,Maruti,2009,85000,"56,000 kms",Petrol
708,Maruti Suzuki Zen LX BSII,Maruti,2004,70000,"1,00,000 kms",Petrol
709,Renault Duster RxL Petrol,Renault,2015,550000,"36,000 kms",Petrol
710,Maruti Suzuki Swift VXi 1.2 BS IV,Maruti,2014,370000,"11,523 kms",Petrol
711,Maruti Suzuki Baleno Zeta 1.2,Maruti,2018,690000,"1,000 kms",Petrol
712,Honda WR V S MT Petrol,Honda,2009,250000,"60,000 kms",Petrol
713,Tata Indigo CS eLX BS IV,Tata,2016,110000,"85,000 kms",Diesel
714,Renault Duster 110 PS RxL Diesel,Renault,2013,490000,"38,600 kms",Diesel
715,Mahindra Scorpio LX BS III,Mahindra,2009,320000,"95,500 kms",Diesel
716,Maruti Suzuki Zen LXi BS III,Maruti,2004,68000,"56,000 kms",Petrol
717,Maruti Suzuki Wagon R LXi BS III,Maruti,2014,130000,"37,458 kms",Petrol
718,Maruti Suzuki SX4 Celebration Diesel,Maruti,2016,970000,"85,960 kms",Diesel
719,Audi A3 Cabriolet 40 TFSI,Audi,2015,3100000,"12,516 kms",Petrol
720,Hyundai Eon D Lite Plus,Hyundai,2018,280000,"35,000 kms",Petrol
721,Maruti Suzuki Zen Estilo LXI Green CNG,Maruti,2009,125000,00 kms,Petrol
722,Mahindra Scorpio SLX,Mahindra,2008,285000,"80,000 kms",Diesel
723,I want to sell my commercial car due t,I,o...,475000,,
724,Hyundai Santro AE GLS Audio,Hyundai,2011,165000,"45,000 kms",Petrol
725,i want sale my car.no emi....uber atta,i,d...,320000,,
726,Maruti Suzuki Swift Dzire Tour VDi,Maruti,2009,250000,"51,000 kms",Diesel
727,Mahindra Scorpio S4,Mahindra,2015,865000,"30,000 kms",Diesel
728,Tata ZEST 6 month old,Tata,car,370000,,
729,Mahindra Xylo D2 BS IV,Mahindra,2011,390000,"48,000 kms",Diesel
730,Hyundai Santro,Hyundai,2003,60000,"51,000 kms",Petrol
731,Chevrolet Beat LT Diesel,Chevrolet,2015,215000,"90,000 kms",Diesel
732,Maruti Suzuki Swift Dzire VDi,Maruti,2015,475000,"43,000 kms",Diesel
733,Mahindra XUV500 W8,Mahindra,2015,899000,"53,000 kms",Diesel
734,Toyota Fortuner 3.0 4x4 MT,Toyota,2013,1499000,"97,000 kms",Diesel
735,Maruti Suzuki Alto K10 VXi,Maruti,2013,240000,"20,000 kms",Petrol
736,Hyundai Getz GLE,Hyundai,2007,99000,"55,000 kms",Petrol
737,Maruti Suzuki Swift Dzire Tour LDi,Maruti,2014,260000,"1,20,000 kms",Diesel
738,Hyundai Creta 1.6 SX,Hyundai,2019,1200000,0 kms,Petrol
739,Hyundai Santro Xing XL AT eRLX Euro III,Hyundai,2007,115000,"46,000 kms",Petrol
740,Hyundai Santro Xing XL eRLX Euro III,Hyundai,2009,88000,"43,200 kms",Petrol
741,Mahindra Xylo D2 BS IV,Mahindra,2011,390000,"56,000 kms",Diesel
742,Hyundai Santro Xing XL eRLX Euro III,Hyundai,2007,135000,"42,000 kms",Petrol
743,Tata Indica V2 DLS BS III,Tata,2009,90000,"30,600 kms",Diesel
744,Hyundai i10 Sportz 1.2,Hyundai,2011,220000,"38,000 kms",Petrol
745,Hyundai Grand i10 Magna 1.2 Kappa VTVT,Hyundai,2017,424999,"2,550 kms",Petrol
746,Hyundai Santro Xing XL AT eRLX Euro III,Hyundai,2007,135000,"47,000 kms",Petrol
747,Honda City 1.5 E MT,Honda,2005,95000,"41,000 kms",Petrol
748,Nissan Micra XL,Nissan,2017,430000,"62,500 kms",Diesel
749,Honda City 1.5 S Inspire,Honda,2005,115000,"68,000 kms",Petrol
750,Maruti Suzuki Alto 800 Lxi,Maruti,2015,215000,"50,000 kms",Petrol
751,Maruti Suzuki Wagon R LX BS III,Maruti,2004,53000,"69,000 kms",Petrol
752,Maruti Suzuki Ertiga VDi,Maruti,2012,500000,"48,000 kms",Diesel
753,Tata Indica eV2 eXeta eGLX,Tata,2012,85000,"55,000 kms",Diesel
754,Maruti Suzuki Omni E 8 STR BS IV,Maruti,2013,165000,"25,000 kms",Petrol
755,Hyundai Eon Era Plus,Hyundai,2014,200000,"28,400 kms",Petrol
756,Hyundai Eon,Hyundai,2014,200000,"28,000 kms",Petrol
757,Maruti Suzuki Swift LDi,Maruti,2015,425000,"42,000 kms",Diesel
758,MARUTI SUZUKI ERTIGA F,MARUTI,SALE,650000,,
759,Hyundai Verna 1.6 CRDI SX Plus AT,Hyundai,2012,600000,"29,000 kms",Diesel
760,Chevrolet Tavera LS B3 10 Seats BSII,Chevrolet,2005,130000,"68,485 kms",Diesel
761,Tata Tiago Revotron XM,Tata,2018,430000,"3,500 kms",Petrol
762,Tata Tiago Revotorq XZ,Tata,2019,568500,0 kms,Petrol
765,Maruti Suzuki Zen LXi BS III,Maruti,2006,71000,"32,000 kms",Petrol
766,Mahindra KUV100 K8 D 6 STR,Mahindra,2018,560000,"8,000 kms",Diesel
767,Ford EcoSport Titanium 1.5 TDCi,Ford,2014,590000,"34,000 kms",Diesel
768,Hindustan Motors Ambassador Classic Mark 4 â€“ Befo,Hindustan,1995,750000,"37,000 kms",Petrol
769,Ford Fusion 1.4 TDCi Diesel,Ford,2007,125000,"85,455 kms",Diesel
770,Hyundai Santro Xing XL AT eRLX Euro III,Hyundai,2007,135000,"46,000 kms",Petrol
771,Hyundai Santro,Hyundai,2002,60000,"47,000 kms",Petrol
772,Fiat Linea Emotion 1.4 L T Jet Petrol,Fiat,2009,120000,"64,000 kms",Petrol
773,Ford Ikon 1.3 Flair Josh 100,Ford,2008,95000,"46,000 kms",Petrol
774,Maruti Suzuki Omni E 8 STR BS IV,Maruti,2017,240000,"8,000 kms",Petrol
775,Tata Indica V2 LS,Tata,2012,115000,"64,000 kms",Diesel
776,Mahindra Scorpio S4,Mahindra,2015,795000,"63,000 kms",Diesel
777,Hyundai Santro Xing XL eRLX Euro III,Hyundai,2007,55000,"65,000 kms",Petrol
778,Mahindra Xylo D2,Mahindra,2009,300000,"62,000 kms",Diesel
779,Hyundai Grand i10 Asta 1.2 Kappa VTVT,Hyundai,2014,320000,"41,000 kms",Petrol
780,Maruti Suzuki Alto 800 Lxi,Maruti,2015,265000,"14,000 kms",Petrol
781,Toyota Corolla,Toyota,2006,160000,"40,000 kms",Petrol
782,Hyundai Eon Magna,Hyundai,2017,300000,"1,600 kms",Petrol
783,Tata Sumo Grande MKII GX,Tata,2010,130000,"90,000 kms",Diesel
784,Maruti Suzuki Swift VDi,Maruti,2011,250000,"58,000 kms",Diesel
785,Volkswagen Polo Highline1.2L P,Volkswagen,2013,380000,"27,000 kms",Petrol
786,Maruti Suzuki Alto 800 Lx,Maruti,2003,42000,"60,000 kms",Petrol
787,Tata Tiago Revotron XZ,Tata,2017,400000,"31,000 kms",Petrol
788,Maruti Suzuki Swift LDi,Maruti,2009,120000,"90,000 kms",Diesel
789,Maruti Suzuki Swift VDi,Maruti,2009,120000,"90,000 kms",Diesel
790,Tata Indigo eCS,Tata,2016,130000,"1,50,000 kms",Diesel
791,Chevrolet Beat LS Diesel,Chevrolet,2014,189000,"31,000 kms",Diesel
792,2012 Tata Sumo Gold f,2012,sell,250000,,
793,Mahindra Xylo E8 BS IV,Mahindra,2011,365000,"43,000 kms",Diesel
794,Hyundai Eon D Lite Plus,Hyundai,2013,170000,"20,000 kms",Petrol
795,Well mentained Tata Sumo,Well,d Ex,380000,,
796,all paper updated tata indica v2 and u,all,n...,145000,,
797,Maruti Ertiga showroom condition with,Maruti,e...,480000,,
800,scratch less Tata I,scratch,go .,140000,,
801,Maruti Suzuki swift dzire for sale in,Maruti,d...,360000,,
802,Commercial Chevrolet beat for sale in,Commercial,k...,180000,,
803,urgent sell my Mahindra qu,urgent,o c4,350000,,
804,Tata Sumo Gold FX BSIII,Tata,2013,215000,"1,00,000 kms",Petrol
805,sell my car Maruti Suzuki Swif,sell,zire,300000,,
806,Maruti Suzuki Swift Dzire good car fo,Maruti,o...,310000,,
809,urgent sale Ta,urgent,Sumo,220000,,
810,Maruti Suzuki Alto vxi t,Maruti,cab,95000,,
812,TATA INDI,TATA,EV2,110000,,
813,Tata Nano,Tata,2013,60000,"7,000 kms",Petrol
814,Hyundai Elite i20,Hyundai,2017,599999,"31,000 kms",Petrol
815,Hyundai i10 Magna 1.2 Kappa2,Hyundai,2009,400000,"33,000 kms",Petrol
816,Hyundai Creta,Hyundai,2016,900000,"60,000 kms",Diesel
817,Volkswagen Polo,Volkswagen,2013,299999,"48,000 kms",Diesel
818,Maruti Suzuki Dzire,Maruti,2014,374999,"33,000 kms",Petrol
819,Tata Bolt XM Petrol,Tata,2015,600000,"15,000 kms",Petrol
820,Maruti Suzuki Alto 800 Lx,Maruti,2005,70000,"47,000 kms",Petrol
821,Maruti Suzuki Alto,Maruti,2005,100000,"40,000 kms",Petrol
823,Maruti Suzuki Ritz,Maruti,2010,150000,"38,000 kms",Diesel
824,Maruti Suzuki Alto 800 Lxi,Maruti,2017,225000,"12,500 kms",Petrol
825,Maruti Suzuki Dzire,Maruti,2009,210000,"42,000 kms",Petrol
827,Hyundai i20 Asta,Hyundai,2014,425000,"31,000 kms",Petrol
828,Maruti Suzuki Swift Select Variant,Maruti,2008,162000,"60,000 kms",Diesel
829,Tata Indica V2 DLX BS III,Tata,2005,60000,"80,000 kms",Diesel
830,Mahindra Scorpio VLX 2.2 mHawk Airbag BSIV,Mahindra,2014,650000,"77,000 kms",Diesel
831,Toyota Innova 2.5 E 8 STR,Toyota,2012,750000,"75,000 kms",Diesel
832,Mahindra Xylo E8,Mahindra,2010,375000,"40,000 kms",Diesel
833,Hyundai i20 Magna 1.2,Hyundai,2011,230000,"47,000 kms",Petrol
834,Maruti Suzuki Omni,Maruti,2000,35999,"60,000 kms",Petrol
835,Mahindra KUV100,Mahindra,2016,380000,"26,500 kms",Petrol
836,Mahindra KUV100 K8 6 STR,Mahindra,2019,560000,"2,875 kms",Petrol
837,Datsun Go Plus,Datsun,2016,285000,"13,900 kms",Petrol
838,Ford Endeavor 4x4 Thunder Plus,Ford,2019,2900000,"9,000 kms",Diesel
839,Tata Indica V2,Tata,2005,39999,"80,000 kms",Diesel
840,Hyundai Santro Xing GL,Hyundai,2006,85000,"60,000 kms",Petrol
841,Maruti Suzuki Wagon R 1.0 VXi,Maruti,2016,395000,"20,000 kms",Petrol
842,Maruti Suzuki Swift Select Variant,Maruti,2008,175000,"58,000 kms",Diesel
843,Maruti Suzuki Alto 800 Lx,Maruti,2019,400000,"1,500 kms",Petrol
844,Toyota Innova 2.5 Z Diesel 7 Seater,Toyota,2011,750000,"75,000 kms",Diesel
845,Any type car avaiabel hare...comercica,Any,r...,170000,,
846,Maruti Suzuki Alto 800,Maruti,2016,250000,"2,450 kms",Petrol
847,Maruti Suzuki Alto AX,Maruti,2019,425000,"1,625 kms",Petrol
849,Volkswagen Polo Highline1.2L P,Volkswagen,2017,525000,"45,000 kms",Petrol
850,Mahindra Logan,Mahindra,2009,130000,"65,000 kms",Diesel
851,Maruti Suzuki 800 Std BS III,Maruti,2000,30000,"33,400 kms",Petrol
852,Mahindra Scorpio,Mahindra,2011,475000,"60,123 kms",Diesel
853,Chevrolet Sail 1.2 LS,Chevrolet,2013,300000,"28,000 kms",Petrol
855,Hyundai Santro AE GLS Audio,Hyundai,2003,60000,"70,000 kms",Petrol
856,Maruti Suzuki Wagon R VXi Minor,Maruti,2006,100000,"7,000 kms",Petrol
857,Hyundai Eon,Hyundai,2018,260000,"25,000 kms",Petrol
858,Tata Manza,Tata,2015,100000,"1,00,000 kms",Diesel
860,Toyota Etios G,Toyota,2013,265000,"42,000 kms",Petrol
861,Hyundai Getz Prime 1.3 GLX,Hyundai,2009,115000,"20,000 kms",Petrol
862,Toyota Qualis,Toyota,2003,180000,"1,00,000 kms",Diesel
863,Hyundai Santro Xing,Hyundai,2004,45000,"1,37,495 kms",Petrol
864,Tata Indica eV2 LS,Tata,2016,50500,"91,200 kms",Diesel
865,Honda City 1.5 S MT,Honda,2009,270000,"55,000 kms",Petrol
866,Tata Zest XE 75 PS Diesel,Tata,2017,290000,"1,20,000 kms",Diesel
867,Mahindra Quanto C4,Mahindra,2013,325000,"63,000 kms",Diesel
868,Tata Indigo eCS LX CR4 BS IV,Tata,2016,160000,"1,04,000 kms",Diesel
869,Maruti Suzuki Swift Dzire,Maruti,2016,350000,"1,46,000 kms",Diesel
870,Hyundai Elite i20,Hyundai,2011,290000,"40,000 kms",Petrol
871,Hyundai i20 Select Variant,Hyundai,2011,290000,"40,000 kms",Petrol
872,Chevrolet Tavera Neo,Chevrolet,2007,465000,"1,00,800 kms",Diesel
873,Maruti Suzuki Dzire,Maruti,2016,325000,"1,50,000 kms",Diesel
874,Hyundai Elite i20,Hyundai,2018,510000,"2,100 kms",Petrol
875,Honda City VX Petrol,Honda,2016,860000,"95,000 kms",Petrol
876,Maruti Suzuki Dzire,Maruti,2016,450000,"2,500 kms",Diesel
877,Hyundai Getz,Hyundai,2006,125000,"80,000 kms",Petrol
878,Mercedes Benz C Class 200 K MT,Mercedes,2006,500001,"15,000 kms",Petrol
879,Maruti Suzuki Alto LXi BS III,Maruti,2005,95000,"65,000 kms",Petrol
880,Maruti Suzuki Swift Dzire Tour VDi,Maruti,2009,250000,"51,000 kms",Diesel
881,Skoda Fabia,Skoda,2009,110000,"45,000 kms",Petrol
883,Maruti Suzuki Ritz VXI ABS,Maruti,2011,270000,"50,000 kms",Petrol
884,tata zest 2017 f,tata,sale,450000,,
885,Tata Indica V2 DLE BS III,Tata,2009,110000,"30,000 kms",Diesel
886,Toyota Corolla Altis,Toyota,2009,300000,"1,32,000 kms",Petrol
887,Ta,Tara,zest,310000,,
888,Tata Zest XM Diesel,Tata,2018,260000,"27,000 kms",Diesel
889,Mahindra Quanto C8,Mahindra,2013,390000,"40,000 kms",Diesel
890,Honda Amaze 1.2 E i VTEC,Honda,2014,180000,Petrol,
891,Chevrolet Sail 1.2 LT ABS,Chevrolet,2014,160000,Petrol,
